iter	MultiClass
0	1.06723167
1	1.06031285
2	1.054371451
3	1.05148405
4	1.049602726
5	1.048307571
6	1.046454207
7	1.04539257
8	1.044476899
9	1.043762103
